/*
# Seed Demo Data (retry)

## Changes
- Drops `profiles.id` -> `auth.users.id` FK so demo profiles can exist without auth accounts.
- Creates storage buckets: resources, avatars, thumbnails (public).
- Seeds 8 profiles, 24 resources, 4 boards, board_resources, 6 bulletins, 6 placement posts, 5 comments.
*/

ALTER TABLE profiles DROP CONSTRAINT IF EXISTS profiles_id_fkey;

INSERT INTO storage.buckets (id, name, public) VALUES
  ('resources', 'resources', true),
  ('avatars', 'avatars', true),
  ('thumbnails', 'thumbnails', true)
ON CONFLICT (id) DO NOTHING;

INSERT INTO profiles (id, username, full_name, avatar_url, bio, college, department, semester, github_url, linkedin_url, role, verified, uploads_count, likes_received, downloads_count, followers_count, following_count, created_at) VALUES
  ('a0000000-0000-0000-0000-000000000001', 'aanya_sharma', 'Aanya Sharma', 'https://images.pexels.com/photos/1239291/pexels-photo-1239291.jpeg?auto=compress&cs=tinysrgb&w=200', 'CSE final year. Sharing DBMS & OS notes so you don''t have to.', 'IIT Bombay', 'Computer Science', 8, 'https://github.com/aanya', 'https://linkedin.com/in/aanya', 'admin', true, 14, 1280, 940, 312, 87, '2024-01-12T10:00:00Z'),
  ('a0000000-0000-0000-0000-000000000002', 'rohan_verma', 'Rohan Verma', 'https://images.pexels.com/photos/220453/pexels-photo-220453.jpeg?auto=compress&cs=tinysrgb&w=200', 'ECE turned full-stack dev. Placement prep is my sport.', 'BITS Pilani', 'Electronics', 6, 'https://github.com/rohanv', 'https://linkedin.com/in/rohanv', 'user', true, 9, 642, 510, 198, 64, '2024-02-03T10:00:00Z'),
  ('a0000000-0000-0000-0000-000000000003', 'meera_iyer', 'Meera Iyer', 'https://images.pexels.com/photos/415829/pexels-photo-415829.jpeg?auto=compress&cs=tinysrgb&w=200', 'Mechanical engineer who secretly loves Python.', 'NIT Trichy', 'Mechanical', 5, 'https://github.com/meera', 'https://linkedin.com/in/meera', 'user', false, 7, 421, 305, 142, 51, '2024-03-15T10:00:00Z'),
  ('a0000000-0000-0000-0000-000000000004', 'kabir_khan', 'Kabir Khan', 'https://images.pexels.com/photos/1043471/pexels-photo-1043471.jpeg?auto=compress&cs=tinysrgb&w=200', 'AI/ML enthusiast. DSA grind never ends.', 'IIIT Hyderabad', 'Computer Science', 7, 'https://github.com/kabir', 'https://linkedin.com/in/kabir', 'user', true, 11, 893, 720, 256, 73, '2024-01-28T10:00:00Z'),
  ('a0000000-0000-0000-0000-000000000005', 'sara_pillai', 'Sara Pillai', 'https://images.pexels.com/photos/762020/pexels-photo-762020.jpeg?auto=compress&cs=tinysrgb&w=200', 'Civil engg + data viz. Notes for the people.', 'VIT Vellore', 'Civil', 4, 'https://github.com/sara', 'https://linkedin.com/in/sara', 'user', false, 5, 312, 198, 96, 38, '2024-04-09T10:00:00Z'),
  ('a0000000-0000-0000-0000-000000000006', 'arjun_nair', 'Arjun Nair', 'https://images.pexels.com/photos/1212984/pexels-photo-1212984.jpeg?auto=compress&cs=tinysrgb&w=200', 'IT senior. Operating Systems is my personality.', 'Delhi Technological University', 'Information Technology', 8, 'https://github.com/arjun', 'https://linkedin.com/in/arjun', 'user', true, 12, 754, 612, 224, 69, '2024-02-20T10:00:00Z'),
  ('a0000000-0000-0000-0000-000000000007', 'diya_mehta', 'Diya Mehta', 'https://images.pexels.com/photos/733872/pexels-photo-733872.jpeg?auto=compress&cs=tinysrgb&w=200', 'Biotech + bioinformatics. Sharing lab files.', 'IIT Madras', 'Biotechnology', 6, 'https://github.com/diya', 'https://linkedin.com/in/diya', 'user', false, 6, 268, 174, 78, 29, '2024-03-30T10:00:00Z'),
  ('a0000000-0000-0000-0000-000000000008', 'vivaan_gupta', 'Vivaan Gupta', 'https://images.pexels.com/photos/1681010/pexels-photo-1681010.jpeg?auto=compress&cs=tinysrgb&w=200', 'ECE + embedded systems. Lab reports incoming.', 'BITS Goa', 'Electronics', 5, 'https://github.com/vivaan', 'https://linkedin.com/in/vivaan', 'user', false, 4, 187, 132, 54, 22, '2024-05-02T10:00:00Z')
ON CONFLICT (id) DO NOTHING;

INSERT INTO resources (id, user_id, title, description, subject, semester, department, course, file_type, file_url, thumbnail_url, tags, views_count, downloads_count, likes_count, bookmarks_count, comments_count, rating_sum, rating_count, status, created_at) VALUES
  ('b0000000-0000-0000-0000-000000000001', 'a0000000-0000-0000-0000-000000000001', 'DBMS Complete Notes — Normalization to Transactions', 'Hand-written + typed notes covering ER diagrams, normalization, SQL, indexing, concurrency control and ACID transactions. 86 pages.', 'Database Management Systems', 4, 'Computer Science', 'CS304', 'pdf', 'https://example.com/files/dbms-notes.pdf', 'https://images.pexels.com/photos/261662/pexels-photo-261662.jpeg?auto=compress&cs=tinysrgb&w=600', ARRAY['dbms','sql','notes','semester4'], 4820, 1932, 412, 287, 38, 1840, 410, 'published', '2024-09-12T10:00:00Z'),
  ('b0000000-0000-0000-0000-000000000002', 'a0000000-0000-0000-0000-000000000006', 'Operating Systems — Galvin Summary + PYQs', 'Chapter-wise summary of Galvin OS book with 5 years of previous year questions and solutions.', 'Operating Systems', 5, 'Computer Science', 'CS305', 'pdf', 'https://example.com/files/os-galvin.pdf', 'https://images.pexels.com/photos/1181271/pexels-photo-1181271.jpeg?auto=compress&cs=tinysrgb&w=600', ARRAY['os','galvin','pyq','semester5'], 3914, 1620, 356, 241, 29, 1560, 348, 'published', '2024-09-20T10:00:00Z'),
  ('b0000000-0000-0000-0000-000000000003', 'a0000000-0000-0000-0000-000000000004', 'DSA Interview Cheatsheet — Arrays to Graphs', 'One-pager-per-topic cheatsheet used for FAANG prep. Patterns, complexity, sample problems.', 'Data Structures & Algorithms', 6, 'Computer Science', 'CS201', 'pdf', 'https://example.com/files/dsa-cheatsheet.pdf', 'https://images.pexels.com/photos/270408/pexels-photo-270408.jpeg?auto=compress&cs=tinysrgb&w=600', ARRAY['dsa','interview','cheatsheet','placement'], 6120, 2841, 528, 401, 52, 2360, 520, 'published', '2024-10-02T10:00:00Z'),
  ('b0000000-0000-0000-0000-000000000004', 'a0000000-0000-0000-0000-000000000002', 'Computer Networks — Tanenbaum PPT Slides', 'Full semester slide deck covering physical layer to application layer, with diagrams.', 'Computer Networks', 5, 'Electronics', 'EC302', 'ppt', 'https://example.com/files/cn-slides.pptx', 'https://images.pexels.com/photos/60504/security-protection-antivirus-software-60504.jpeg?auto=compress&cs=tinysrgb&w=600', ARRAY['networks','tanenbaum','slides','semester5'], 2870, 1140, 268, 192, 21, 1180, 262, 'published', '2024-10-08T10:00:00Z'),
  ('b0000000-0000-0000-0000-000000000005', 'a0000000-0000-0000-0000-000000000003', 'Thermodynamics Lab Manual + Readings', 'Complete lab manual with 12 experiments, sample readings, and viva questions.', 'Thermodynamics', 4, 'Mechanical', 'ME204', 'docx', 'https://example.com/files/thermo-lab.docx', 'https://images.pexels.com/photos/228057/pexels-photo-228057.jpeg?auto=compress&cs=tinysrgb&w=600', ARRAY['thermodynamics','lab','mechanical','semester4'], 1980, 742, 184, 121, 14, 810, 178, 'published', '2024-10-15T10:00:00Z'),
  ('b0000000-0000-0000-0000-000000000006', 'a0000000-0000-0000-0000-000000000001', 'DBMS Lab File — SQL + MongoDB Queries', 'All lab assignments with outputs. SQL queries, joins, subqueries, PL/SQL, and a MongoDB section.', 'Database Management Systems', 4, 'Computer Science', 'CS304L', 'zip', 'https://example.com/files/dbms-lab.zip', 'https://images.pexels.com/photos/1798429/pexels-photo-1798429.jpeg?auto=compress&cs=tinysrgb&w=600', ARRAY['dbms','lab','sql','mongodb','semester4'], 3210, 1320, 298, 210, 22, 1320, 290, 'published', '2024-10-22T10:00:00Z'),
  ('b0000000-0000-0000-0000-000000000007', 'a0000000-0000-0000-0000-000000000004', 'Machine Learning — Handwritten Notes (Images)', 'Scanned handwritten notes for ML: linear regression, logistic, SVM, trees, clustering, neural nets.', 'Machine Learning', 7, 'Computer Science', 'CS407', 'pdf', 'https://example.com/files/ml-notes.pdf', 'https://images.pexels.com/photos/8386440/pexels-photo-8386440.jpeg?auto=compress&cs=tinysrgb&w=600', ARRAY['ml','ai','notes','semester7'], 5410, 2210, 478, 356, 41, 2120, 470, 'published', '2024-11-01T10:00:00Z'),
  ('b0000000-0000-0000-0000-000000000008', 'a0000000-0000-0000-0000-000000000007', 'Bioinformatics Project — Sequence Alignment', 'Final year project: DNA sequence alignment tool in Python. Full code + report + presentation.', 'Bioinformatics', 8, 'Biotechnology', 'BT401', 'zip', 'https://example.com/files/bio-project.zip', 'https://images.pexels.com/photos/2280549/pexels-photo-2280549.jpeg?auto=compress&cs=tinysrgb&w=600', ARRAY['bioinformatics','project','python','semester8'], 1640, 612, 142, 98, 11, 640, 138, 'published', '2024-11-09T10:00:00Z'),
  ('b0000000-0000-0000-0000-000000000009', 'a0000000-0000-0000-0000-000000000005', 'Fluid Mechanics PYQs — 2019 to 2024', 'Six years of previous year questions for Fluid Mechanics, with answer hints.', 'Fluid Mechanics', 5, 'Civil', 'CE203', 'pdf', 'https://example.com/files/fm-pyq.pdf', 'https://images.pexels.com/photos/259027/pexels-photo-259027.jpeg?auto=compress&cs=tinysrgb&w=600', ARRAY['fluid','mechanics','pyq','civil','semester5'], 2120, 894, 206, 143, 17, 920, 198, 'published', '2024-11-14T10:00:00Z'),
  ('b0000000-0000-0000-0000-000000000010', 'a0000000-0000-0000-0000-000000000006', 'Operating Systems Assignments (All 6)', 'All six programming assignments: shell, scheduler, file system, memory allocator, threads, virtual memory.', 'Operating Systems', 5, 'Information Technology', 'CS305A', 'zip', 'https://example.com/files/os-assignments.zip', 'https://images.pexels.com/photos/2002717/pexels-photo-2002717.jpeg?auto=compress&cs=tinysrgb&w=600', ARRAY['os','assignments','c','semester5'], 2740, 1080, 252, 178, 19, 1120, 244, 'published', '2024-11-20T10:00:00Z'),
  ('b0000000-0000-0000-0000-000000000011', 'a0000000-0000-0000-0000-000000000008', 'Microprocessors Lab Report — 8051 + ARM', 'Lab reports for 8051 and ARM assembly experiments with code and outputs.', 'Microprocessors', 5, 'Electronics', 'EC206L', 'docx', 'https://example.com/files/mp-lab.docx', 'https://images.pexels.com/photos/2582932/pexels-photo-2582932.jpeg?auto=compress&cs=tinysrgb&w=600', ARRAY['microprocessors','lab','8051','arm','semester5'], 1480, 560, 128, 89, 9, 580, 122, 'published', '2024-11-26T10:00:00Z'),
  ('b0000000-0000-0000-0000-000000000012', 'a0000000-0000-0000-0000-000000000004', 'Deep Learning Presentation — Transformers', 'Seminar presentation on attention and transformers, with diagrams and references.', 'Deep Learning', 7, 'Computer Science', 'CS407S', 'ppt', 'https://example.com/files/dl-transformers.pptx', 'https://images.pexels.com/photos/8386440/pexels-photo-8386440.jpeg?auto=compress&cs=tinysrgb&w=600', ARRAY['dl','transformers','presentation','seminar','semester7'], 3320, 1240, 286, 201, 24, 1280, 280, 'published', '2024-12-02T10:00:00Z'),
  ('b0000000-0000-0000-0000-000000000013', 'a0000000-0000-0000-0000-000000000001', 'Compiler Design Notes — Lex to Optimization', 'Full notes for compiler design: lexing, parsing, semantic analysis, IR, optimization, code gen.', 'Compiler Design', 6, 'Computer Science', 'CS306', 'pdf', 'https://example.com/files/compiler-notes.pdf', 'https://images.pexels.com/photos/1089554/pexels-photo-1089554.jpeg?auto=compress&cs=tinysrgb&w=600', ARRAY['compiler','design','notes','semester6'], 2240, 912, 218, 156, 16, 980, 212, 'published', '2024-12-08T10:00:00Z'),
  ('b0000000-0000-0000-0000-000000000014', 'a0000000-0000-0000-0000-000000000002', 'Digital Signal Processing — Formula Booklet', 'Compact formula booklet for DSP: transforms, filters, FFT, sampling.', 'Digital Signal Processing', 6, 'Electronics', 'EC303', 'pdf', 'https://example.com/files/dsp-formula.pdf', 'https://images.pexels.com/photos/2249528/pexels-photo-2249528.jpeg?auto=compress&cs=tinysrgb&w=600', ARRAY['dsp','formula','signals','semester6'], 1860, 740, 172, 118, 12, 760, 166, 'published', '2024-12-13T10:00:00Z'),
  ('b0000000-0000-0000-0000-000000000015', 'a0000000-0000-0000-0000-000000000003', 'Strength of Materials — Solved Problems', '200+ solved problems for SOM: stress, strain, bending, torsion, columns.', 'Strength of Materials', 4, 'Mechanical', 'ME202', 'pdf', 'https://example.com/files/som-problems.pdf', 'https://images.pexels.com/photos/256262/pexels-photo-256262.jpeg?auto=compress&cs=tinysrgb&w=600', ARRAY['som','mechanical','problems','semester4'], 2310, 980, 224, 159, 18, 1010, 218, 'published', '2024-12-19T10:00:00Z'),
  ('b0000000-0000-0000-0000-000000000016', 'a0000000-0000-0000-0000-000000000004', 'Web Tech Mini Project — MERN E-commerce', 'Complete MERN e-commerce mini project with auth, cart, payments mock, and admin panel.', 'Web Technologies', 6, 'Computer Science', 'CS209P', 'zip', 'https://example.com/files/mern-project.zip', 'https://images.pexels.com/photos/230544/pexels-photo-230544.jpeg?auto=compress&cs=tinysrgb&w=600', ARRAY['web','mern','project','node','semester6'], 4120, 1840, 372, 281, 33, 1660, 364, 'published', '2024-12-25T10:00:00Z'),
  ('b0000000-0000-0000-0000-000000000017', 'a0000000-0000-0000-0000-000000000005', 'Surveying Field Notes + Drawings', 'Field notes and CAD drawings for surveying camp. Total station and leveling data.', 'Surveying', 4, 'Civil', 'CE204L', 'zip', 'https://example.com/files/survey-camp.zip', 'https://images.pexels.com/photos/159306/pexels-photo-159306.jpeg?auto=compress&cs=tinysrgb&w=600', ARRAY['surveying','civil','field','semester4'], 1320, 482, 104, 72, 8, 470, 100, 'published', '2025-01-04T10:00:00Z'),
  ('b0000000-0000-0000-0000-000000000018', 'a0000000-0000-0000-0000-000000000006', 'Theory of Computation — Automata Notes', 'Notes on finite automata, regular languages, CFG, Turing machines, decidability.', 'Theory of Computation', 6, 'Information Technology', 'CS301', 'pdf', 'https://example.com/files/toc-notes.pdf', 'https://images.pexels.com/photos/1181271/pexels-photo-1181271.jpeg?auto=compress&cs=tinysrgb&w=600', ARRAY['toc','automata','notes','semester6'], 1980, 820, 196, 138, 15, 880, 190, 'published', '2025-01-10T10:00:00Z'),
  ('b0000000-0000-0000-0000-000000000019', 'a0000000-0000-0000-0000-000000000007', 'Genetic Engineering Lab Manual', 'Lab manual for genetic engineering: PCR, gel electrophoresis, cloning protocols.', 'Genetic Engineering', 7, 'Biotechnology', 'BT305L', 'docx', 'https://example.com/files/ge-lab.docx', 'https://images.pexels.com/photos/2280549/pexels-photo-2280549.jpeg?auto=compress&cs=tinysrgb&w=600', ARRAY['genetic','biotech','lab','semester7'], 1120, 398, 88, 61, 7, 400, 84, 'published', '2025-01-16T10:00:00Z'),
  ('b0000000-0000-0000-0000-000000000020', 'a0000000-0000-0000-0000-000000000008', 'Analog Circuits — OpAmp Problem Set', 'Solved problem set for op-amps: inverting, non-inverting, filters, oscillators.', 'Analog Circuits', 4, 'Electronics', 'EC204', 'pdf', 'https://example.com/files/analog-opamp.pdf', 'https://images.pexels.com/photos/2582932/pexels-photo-2582932.jpeg?auto=compress&cs=tinysrgb&w=600', ARRAY['analog','opamp','circuits','semester4'], 1640, 612, 138, 94, 10, 620, 132, 'published', '2025-01-22T10:00:00Z'),
  ('b0000000-0000-0000-0000-000000000021', 'a0000000-0000-0000-0000-000000000001', 'Software Engineering — Agile + UML Deck', 'Presentation on agile methodologies, UML diagrams, and case studies.', 'Software Engineering', 5, 'Computer Science', 'CS302', 'ppt', 'https://example.com/files/se-agile.pptx', 'https://images.pexels.com/photos/3184292/pexels-photo-3184292.jpeg?auto=compress&cs=tinysrgb&w=600', ARRAY['se','agile','uml','presentation','semester5'], 2480, 980, 224, 162, 19, 1010, 218, 'published', '2025-01-28T10:00:00Z'),
  ('b0000000-0000-0000-0000-000000000022', 'a0000000-0000-0000-0000-000000000004', 'Cloud Computing — AWS Hands-on Lab', 'Lab guide for AWS: EC2, S3, RDS, Lambda, IAM. With screenshots and CLI commands.', 'Cloud Computing', 7, 'Computer Science', 'CS408L', 'pdf', 'https://example.com/files/aws-lab.pdf', 'https://images.pexels.com/photos/1148820/pexels-photo-1148820.jpeg?auto=compress&cs=tinysrgb&w=600', ARRAY['cloud','aws','lab','semester7'], 3120, 1320, 298, 214, 26, 1340, 290, 'published', '2025-02-03T10:00:00Z'),
  ('b0000000-0000-0000-0000-000000000023', 'a0000000-0000-0000-0000-000000000002', 'VLSI Design — CMOS Layout Notes', 'Notes on CMOS layout, fabrication, scaling, and design rules with diagrams.', 'VLSI Design', 7, 'Electronics', 'EC405', 'pdf', 'https://example.com/files/vlsi-notes.pdf', 'https://images.pexels.com/photos/2249528/pexels-photo-2249528.jpeg?auto=compress&cs=tinysrgb&w=600', ARRAY['vlsi','cmos','notes','semester7'], 1740, 640, 156, 108, 13, 700, 150, 'published', '2025-02-09T10:00:00Z'),
  ('b0000000-0000-0000-0000-000000000024', 'a0000000-0000-0000-0000-000000000003', 'Heat Transfer — Solved Examples + MCQs', 'Solved examples and 300 MCQs for conduction, convection, radiation, heat exchangers.', 'Heat Transfer', 6, 'Mechanical', 'ME301', 'pdf', 'https://example.com/files/ht-mcq.pdf', 'https://images.pexels.com/photos/256262/pexels-photo-256262.jpeg?auto=compress&cs=tinysrgb&w=600', ARRAY['heat','transfer','mcq','mechanical','semester6'], 1520, 580, 132, 91, 11, 600, 126, 'published', '2025-02-15T10:00:00Z')
ON CONFLICT (id) DO NOTHING;

INSERT INTO boards (id, user_id, name, description, cover_color, is_private, resources_count, created_at) VALUES
  ('c0000000-0000-0000-0000-000000000001', 'a0000000-0000-0000-0000-000000000001', 'DBMS Revision', 'Everything I need for the DBMS end-sem.', 'blue', false, 2, '2024-09-15T10:00:00Z'),
  ('c0000000-0000-0000-0000-000000000002', 'a0000000-0000-0000-0000-000000000001', 'Semester 4 Survival', 'All sem 4 notes in one place.', 'green', false, 3, '2024-09-18T10:00:00Z'),
  ('c0000000-0000-0000-0000-000000000003', 'a0000000-0000-0000-0000-000000000004', 'Placement Prep', 'DSA + interview resources.', 'orange', false, 2, '2024-10-05T10:00:00Z'),
  ('c0000000-0000-0000-0000-000000000004', 'a0000000-0000-0000-0000-000000000002', 'Interview Prep', 'Companies, experiences, referrals.', 'purple', false, 1, '2024-10-12T10:00:00Z')
ON CONFLICT (id) DO NOTHING;

INSERT INTO board_resources (board_id, resource_id, user_id) VALUES
  ('c0000000-0000-0000-0000-000000000001', 'b0000000-0000-0000-0000-000000000001', 'a0000000-0000-0000-0000-000000000001'),
  ('c0000000-0000-0000-0000-000000000001', 'b0000000-0000-0000-0000-000000000006', 'a0000000-0000-0000-0000-000000000001'),
  ('c0000000-0000-0000-0000-000000000002', 'b0000000-0000-0000-0000-000000000001', 'a0000000-0000-0000-0000-000000000001'),
  ('c0000000-0000-0000-0000-000000000002', 'b0000000-0000-0000-0000-000000000005', 'a0000000-0000-0000-0000-000000000001'),
  ('c0000000-0000-0000-0000-000000000002', 'b0000000-0000-0000-0000-000000000015', 'a0000000-0000-0000-0000-000000000001'),
  ('c0000000-0000-0000-0000-000000000003', 'b0000000-0000-0000-0000-000000000003', 'a0000000-0000-0000-0000-000000000004'),
  ('c0000000-0000-0000-0000-000000000003', 'b0000000-0000-0000-0000-000000000016', 'a0000000-0000-0000-0000-000000000004'),
  ('c0000000-0000-0000-0000-000000000004', 'b0000000-0000-0000-0000-000000000003', 'a0000000-0000-0000-0000-000000000002')
ON CONFLICT (board_id, resource_id) DO NOTHING;

INSERT INTO bulletins (id, user_id, category, title, body, link, event_date, pinned, likes_count, comments_count, created_at) VALUES
  ('d0000000-0000-0000-0000-000000000001', 'a0000000-0000-0000-0000-000000000001', 'hackathon', 'Smart India Hackathon 2025 — Registrations Open', 'Form teams of 6 and register before Feb 28. Problem statements released on the portal.', 'https://sih.gov.in', '2025-02-28', true, 142, 18, '2025-02-01T10:00:00Z'),
  ('d0000000-0000-0000-0000-000000000002', 'a0000000-0000-0000-0000-000000000004', 'internship', 'Google Summer of Code 2025 — Apply Now', 'GSoC 2025 applications are open. 200+ orgs participating. Stipend + mentorship.', 'https://summerofcode.withgoogle.com', '2025-03-18', true, 98, 12, '2025-02-05T10:00:00Z'),
  ('d0000000-0000-0000-0000-000000000003', 'a0000000-0000-0000-0000-000000000002', 'club', 'Coding Club — Weekly DSA Contest', 'Every Saturday 8pm on Codeforces. Join the team board for the ladder.', NULL, NULL, false, 64, 8, '2025-02-08T10:00:00Z'),
  ('d0000000-0000-0000-0000-000000000004', 'a0000000-0000-0000-0000-000000000006', 'exam', 'End-Sem Exam Schedule Released', 'Datesheet for sem 5 and 6 is out. Check the student portal. Exams start March 10.', NULL, '2025-03-10', false, 87, 22, '2025-02-10T10:00:00Z'),
  ('d0000000-0000-0000-0000-000000000005', 'a0000000-0000-0000-0000-000000000003', 'lostfound', 'Lost: Black wallet near Library', 'Found a black leather wallet near the central library on Tuesday. DM me to claim.', NULL, NULL, false, 21, 4, '2025-02-12T10:00:00Z'),
  ('d0000000-0000-0000-0000-000000000006', 'a0000000-0000-0000-0000-000000000001', 'announcement', 'StudyHub now supports boards — organize your saves!', 'We just shipped boards. Create collections like "DBMS Revision" or "Placement Prep" and group your bookmarks.', NULL, NULL, false, 156, 14, '2025-02-14T10:00:00Z')
ON CONFLICT (id) DO NOTHING;

INSERT INTO placement_posts (id, user_id, type, company, role, ctc, location, experience, link, status, tags, likes_count, comments_count, created_at) VALUES
  ('e0000000-0000-0000-0000-000000000001', 'a0000000-0000-0000-0000-000000000004', 'interview', 'Google', 'SWE Intern', '₹80k/month', 'Bangalore / Remote', '3 rounds: OA (2 med), 2 system design + behavioral. Heavy on graphs and DP.', 'https://careers.google.com', 'offered', ARRAY['google','swe','intern','dp'], 184, 24, '2025-01-20T10:00:00Z'),
  ('e0000000-0000-0000-0000-000000000002', 'a0000000-0000-0000-0000-000000000002', 'job', 'Atlassian', 'Frontend Engineer (New Grad)', '₹26 LPA', 'Bangalore', 'React, TS, system design. 4 rounds over 2 weeks.', 'https://atlassian.com/careers', 'open', ARRAY['atlassian','frontend','react'], 142, 19, '2025-01-25T10:00:00Z'),
  ('e0000000-0000-0000-0000-000000000003', 'a0000000-0000-0000-0000-000000000006', 'referral', 'Microsoft', 'SDE-1', '₹24 LPA', 'Hyderabad', 'Looking for referrals for Microsoft SDE-1. DM me your resume. 2025 batch only.', NULL, 'open', ARRAY['microsoft','sde','referral'], 98, 31, '2025-02-01T10:00:00Z'),
  ('e0000000-0000-0000-0000-000000000004', 'a0000000-0000-0000-0000-000000000004', 'interview', 'Razorpay', 'Backend Engineer', '₹22 LPA', 'Bangalore', '2 tech + 1 HM. Java, Spring, DB design, system design.', 'https://razorpay.com/careers', 'interviewing', ARRAY['razorpay','backend','java'], 76, 11, '2025-02-06T10:00:00Z'),
  ('e0000000-0000-0000-0000-000000000005', 'a0000000-0000-0000-0000-000000000002', 'internship', 'Zomato', 'Data Science Intern', '₹40k/month', 'Gurgaon', 'SQL, Python, ML basics, case round. 3 rounds.', 'https://zomato.com/careers', 'open', ARRAY['zomato','ds','intern'], 64, 9, '2025-02-10T10:00:00Z'),
  ('e0000000-0000-0000-0000-000000000006', 'a0000000-0000-0000-0000-000000000006', 'company', 'PhonePe', 'Engineering Culture Overview', '₹23 LPA', 'Bangalore', 'Sharing an overview of PhonePe engineering culture, stack, and interview process.', NULL, 'open', ARRAY['phonepe','culture','overview'], 52, 7, '2025-02-13T10:00:00Z')
ON CONFLICT (id) DO NOTHING;

INSERT INTO comments (id, user_id, resource_id, parent_id, body, created_at) VALUES
  ('f0000000-0000-0000-0000-000000000001', 'a0000000-0000-0000-0000-000000000004', 'b0000000-0000-0000-0000-000000000001', NULL, 'These notes saved my DBMS end-sem. The normalization section is gold.', '2024-09-14T10:00:00Z'),
  ('f0000000-0000-0000-0000-000000000002', 'a0000000-0000-0000-0000-000000000002', 'b0000000-0000-0000-0000-000000000001', 'f0000000-0000-0000-0000-000000000001', 'Agreed! The ACID transactions part too.', '2024-09-14T12:00:00Z'),
  ('f0000000-0000-0000-0000-000000000003', 'a0000000-0000-0000-0000-000000000006', 'b0000000-0000-0000-0000-000000000002', NULL, 'Is the PYQ section updated for 2024?', '2024-09-22T10:00:00Z'),
  ('f0000000-0000-0000-0000-000000000004', 'a0000000-0000-0000-0000-000000000001', 'b0000000-0000-0000-0000-000000000002', 'f0000000-0000-0000-0000-000000000003', 'Yes, added 2024 paper last week.', '2024-09-22T11:00:00Z'),
  ('f0000000-0000-0000-0000-000000000005', 'a0000000-0000-0000-0000-000000000002', 'b0000000-0000-0000-0000-000000000003', NULL, 'The graphs section is exactly what I needed for interviews. Thanks!', '2024-10-04T10:00:00Z')
ON CONFLICT (id) DO NOTHING;
